driver_id	driver_name
Nino_Farina	Nino Farina
Luigi_Fagioli	Luigi Fagioli
Reg_Parnell	Reg Parnell
Yves_Giraud-Cabantous	Yves Giraud-Cabantous
Louis_Rosier	Louis Rosier
Bob_Gerard	Bob Gerard
Cuth_Harrison	Cuth Harrison
Philippe_Etancelin	Philippe Etancelin
David_Hampshire	David Hampshire
Joe_Fry	Joe Fry
Johnny_Claes	Johnny Claes
Juan_Manuel_Fangio	Juan Manuel Fangio
Joe_Kelly_(3)	Joe Kelly
Prince_Bira	Prince Bira
David_Murray	David Murray
Geoff_Crossley	Geoff Crossley
Toulo_de_Graffenried	Toulo de Graffenried
Louis_Chiron	Louis Chiron
Eugene_Martin	Eugene Martin
Peter_Walker	Peter Walker
Leslie_Johnson	Leslie Johnson
Alberto_Ascari	Alberto Ascari
Raymond_Sommer	Raymond Sommer
Luigi_Villoresi	Luigi Villoresi
Jose_Froilan_Gonzalez	Jose Froilan Gonzalez
Robert_Manzon	Robert Manzon
Maurice_Trintignant	Maurice Trintignant
Franco_Rol	Franco Rol
Harry_Schell	Harry Schell
Peter_Whitehead	Peter Whitehead
Alfredo_Pian	Alfredo Pian
Johnnie_Parsons	Johnnie Parsons
Bill_Holland	Bill Holland
Mauri_Rose	Mauri Rose
Cecil_Green	Cecil Green
Joie_Chitwood	Joie Chitwood
Lee_Wallard	Lee Wallard
Walt_Faulkner	Walt Faulkner
George_Connor	George Connor
Paul_Russo	Paul Russo
Pat_Flaherty	Pat Flaherty
Myron_Fohr	Myron Fohr
Duane_Carter	Duane Carter
Mack_Hellings	Mack Hellings
Jack_McGrath	Jack McGrath
Troy_Ruttman	Troy Ruttman
Gene_Hartley	Gene Hartley
Jimmy_Davies	Jimmy Davies
Johnny_McDowell	Johnny McDowell
Walt_Brown	Walt Brown
Spider_Webb	Spider Webb
Jerry_Hoyt	Jerry Hoyt
Walt_Ader	Walt Ader
Jackie_Holmes	Jackie Holmes
Jim_Rathmann	Jim Rathmann
Henry_Banks	Henry Banks
Bill_Schindler	Bill Schindler
Bayliss_Levrett	Bayliss Levrett
Freddie_Agabashian	Freddie Agabashian
Jimmy_Jackson	Jimmy Jackson
Sam_Hanks	Sam Hanks
Tony_Bettenhausen	Tony Bettenhausen
Dick_Rathman	Dick Rathman
Duke_Dinsmore	Duke Dinsmore
Felice_Bonetto	Felice Bonetto
Nello_Pagani	Nello Pagani
Toni_Branca	Toni Branca
Pierre_Levegh	Pierre Levegh
Eugene_Chaboud	Eugene Chaboud
Charles_Pozzi	Charles Pozzi
Dorino_Serafini	Dorino Serafini
Guy_Mairesse	Guy Mairesse
Piero_Taruffi	Piero Taruffi
Clemente_Biondetti	Clemente Biondetti
Henri_Louveau	Henri Louveau
Franco_Comotti	Franco Comotti
Consalvo_Sanesi	Consalvo Sanesi
Paul_Pietsch	Paul Pietsch
Stirling_Moss	Stirling Moss
Rudi_Fischer	Rudi Fischer
George_Abecassis	George Abecassis
Peter_Hirt	Peter Hirt
Mike_Nazaruk	Mike Nazaruk
Andy_Linden	Andy Linden
Bobby_Ball	Bobby Ball
Carl_Forberg	Carl Forberg
Duke_Nalon	Duke Nalon
Gene_Force	Gene Force
Carl_Scarborough	Carl Scarborough
Bill_Mackey	Bill Mackey
Chuck_Stevenson	Chuck Stevenson
Chet_Miller	Chet Miller
Rodger_Ward	Rodger Ward
Cliff_Griffith	Cliff Griffith
Bill_Vukovich	Bill Vukovich
Joe_James	Joe James
Andre_Pilette	Andre Pilette
Aldo_Gordini	Aldo Gordini
Andre_Simon	Andre Simon
Onofre_Marimon	Onofre Marimon
Brian_Shawe-Taylor	Brian Shawe-Taylor
Duncan_Hamilton	Duncan Hamilton
Philip_Fotheringham-Parker	Philip Fotheringham-Parker
John_James	John James
Jacques_Swaters	Jacques Swaters
Chico_Landi	Chico Landi
Ken_Richardson	Ken Richardson
Hans_Stuck	Hans Stuck
Paco_Godia	Paco Godia
Georges_Grignard	Georges Grignard
Juan_Jover	Juan Jover
Jean_Behra	Jean Behra
Ken_Wharton	Ken Wharton
Alan_Brown_(2)	Alan Brown
Eric_Brandon	Eric Brandon
Lance_Macklin	Lance Macklin
Peter_Collins	Peter Collins
Toni_Ulmen	Toni Ulmen
Max_de_Terra	Max de Terra
Art_Cross_(2)	Art Cross
Jimmy_Bryan	Jimmy Bryan
Jimmy_Reece	Jimmy Reece
Jim_Rigsby	Jim Rigsby
George_Fonder	George Fonder
Eddie_Johnson_(2)	Eddie Johnson
Manny_Ayulo	Manny Ayulo
Bob_Sweikert	Bob Sweikert
Bob_Scott	Bob Scott
Mike_Hawthorn	Mike Hawthorn
Paul_Frere	Paul Frere
Charles_de_Tornaco	Charles de Tornaco
Roger_Laurent	Roger Laurent
Arthur_Legat	Arthur Legat
Robert_OBrien	Robert O'Brien
Tony_Gaze	Tony Gaze
Robin_Montgomerie-Charrington	Robin Montgomerie-Charrington
Piero_Carini	Piero Carini
Dennis_Poore	Dennis Poore
Eric_Thompson	Eric Thompson
Roy_Salvadori	Roy Salvadori
Ken_Downing	Ken Downing
Graham_Whitehead	Graham Whitehead
Kenneth_McAlpine	Kenneth McAlpine
Gino_Bianco	Gino Bianco
Tony_Crook	Tony Crook
Eitel_Cantoni	Eitel Cantoni
Bill_Aston	Bill Aston
Fritz_Riess	Fritz Riess
Helmut_Niedermayr	Helmut Niedermayr
Hans_Klenk	Hans Klenk
Ernst_Klodwig	Ernst Klodwig
Willi_Heeks	Willi Heeks
Adolf_Brudes	Adolf Brudes
Marcel_Balsa	Marcel Balsa
Gunther_Bechem	Gunther Bechem
Rudolf_Krause	Rudolf Krause
Rudolf_Schoeller	Rudolf Schoeller
Theo_Helfrich	Theo Helfrich
Josef_Peters	Josef Peters
Willi_Krakau	Willi Krakau
Harry_Merkel	Harry Merkel
Dries_van_der_Lof	Dries van der Lof
Jan_Flinterman	Jan Flinterman
Elie_Bayol	Elie Bayol
Oscar_Galvez	Oscar Galvez
John_Barber_(2)	John Barber
Carlos_Menditeguy	Carlos Menditeguy
Pablo_Birger	Pablo Birger
Adolfo_Schwelm_Cruz	Adolfo Schwelm Cruz
Jimmy_Daywalt	Jimmy Daywalt
Ernie_McCoy	Ernie McCoy
Marshall_Teague	Marshall Teague
Don_Freeland	Don Freeland
Cal_Niday	Cal Niday
Johnny_Thomson	Johnny Thomson
Roberto_Mieres	Roberto Mieres
Fred_Wacker	Fred Wacker
Georges_Berger	Georges Berger
Jimmy_Stewart	Jimmy Stewart
Tony_Rolt	Tony Rolt
Jack_Fairman	Jack Fairman
Ian_Stewart	Ian Stewart
Hans_Herrmann	Hans Herrmann
Rodney_Nuckey	Rodney Nuckey
Wolfgang_Seidel	Wolfgang Seidel
Edgar_Barth	Edgar Barth
Oswald_Karch	Oswald Karch
Theo_Fitzau	Theo Fitzau
Kurt_Adolff	Kurt Adolff
Erwin_Bauer	Erwin Bauer
Ernst_Loof	Ernst Loof
Helm_Glockler	Helm Glockler
Hermann_Lang	Hermann Lang
Albert_Scherrer	Albert Scherrer
Sergio_Mantovani	Sergio Mantovani
Umberto_Maglioli	Umberto Maglioli
John_Fitch	John Fitch
Roger_Loyer	Roger Loyer
Jorge_Daponte	Jorge Daponte
Luigi_Musso	Luigi Musso
Larry_Crockett	Larry Crockett
Ed_Elisian	Ed Elisian
Frank_Armi	Frank Armi
Pat_OConnor	Pat O'Connor
Len_Duncan	Len Duncan
Bill_Homeier	Bill Homeier
Karl_Kling	Karl Kling
Jacques_Pollet	Jacques Pollet
Don_Beauman	Don Beauman
Leslie_Marr	Leslie Marr
Leslie_Thorne	Leslie Thorne
Horace_Gould	Horace Gould
Bill_Whitehouse	Bill Whitehouse
John_Riseley-Prichard	John Riseley-Prichard
Clemar_Bucci	Clemar Bucci
Jesus_Iglesias	Jesus Iglesias
Eugenio_Castellotti	Eugenio Castellotti
Alberto_Uria	Alberto Uria
Cesare_Perdisa	Cesare Perdisa
Al_Herman	Al Herman
Chuck_Weyant	Chuck Weyant
Shorty_Templeman	Shorty Templeman
Keith_Andrews	Keith Andrews
Eddie_Russo	Eddie Russo
Ray_Crawford	Ray Crawford
Al_Keller	Al Keller
Johnny_Boyd	Johnny Boyd
Hermano_da_Silva_Ramos	Hermano da Silva Ramos
Mike_Sparken	Mike Sparken
Jack_Brabham	Jack Brabham
Jean_Lucas	Jean Lucas
Luigi_Piotti	Luigi Piotti
Olivier_Gendebien	Olivier Gendebien
Tony_Brooks	Tony Brooks
Bob_Veith	Bob Veith
Bob_Christie	Bob Christie
Billy_Garrett	Billy Garrett
Johnnie_Tolan	Johnnie Tolan
Jack_Turner	Jack Turner
Piero_Scotti	Piero Scotti
Alfonso_de_Portago	Alfonso de Portago
Colin_Chapman	Colin Chapman
Desmond_Titterington	Desmond Titterington
Bruce_Halford	Bruce Halford
Archie_Scott_Brown	Archie Scott Brown
Paul_Emery	Paul Emery
Ron_Flockhart	Ron Flockhart
Ottorino_Volonterio	Ottorino Volonterio
Andre_Milhoux	Andre Milhoux
Giorgio_Scarlatti	Giorgio Scarlatti
Gerino_Gerini	Gerino Gerini
Les_Leston	Les Leston
Wolfgang_von_Trips	Wolfgang von Trips
Jo_Bonnier	Jo Bonnier
Alejandro_de_Tomaso	Alejandro de Tomaso
Masten_Gregory	Masten Gregory
Stuart_Lewis-Evans	Stuart Lewis-Evans
Ivor_Bueb	Ivor Bueb
Don_Edmunds	Don Edmunds
Eddie_Sachs	Eddie Sachs
Mike_Magill	Mike Magill
Bill_Cheesbourg	Bill Cheesbourg
Elmer_George	Elmer George
Mike_MacDowel	Mike MacDowel
Herbert_MacKay-Fraser	Herbert MacKay-Fraser
Brian_Naylor	Brian Naylor
Carel_Godin_de_Beaufort	Carel Godin de Beaufort
Tony_Marsh	Tony Marsh
Paul_England	Paul England
Dick_Gibson	Dick Gibson
Cliff_Allison	Cliff Allison
Graham_Hill	Graham Hill
George_Amick	George Amick
Jud_Larson	Jud Larson
Dempsey_Wilson	Dempsey Wilson
A_J_Foyt	A.J. Foyt
Paul_Goldsmith	Paul Goldsmith
Jerry_Unser	Jerry Unser
Len_Sutton	Len Sutton
Art_Bisch	Art Bisch
Maria_Teresa_de_Filippis	Maria Teresa de Filippis
Ken_Kavanagh	Ken Kavanagh
Phil_Hill	Phil Hill
Carroll_Shelby	Carroll Shelby
Ian_Burgess	Ian Burgess
Alan_Stacey	Alan Stacey
Bruce_McLaren	Bruce McLaren
Christian_Goethals	Christian Goethals
Giulio_Cabianca	Giulio Cabianca
Robert_La_Caze	Robert La Caze
Andre_Guelfi	Andre Guelfi
Francois_Picard	Francois Picard
Tom_Bridger	Tom Bridger
Chuck_Arnold	Chuck Arnold
Jim_McWithey	Jim McWithey
Don_Branson	Don Branson
Bobby_Grim	Bobby Grim
Red_Amick	Red Amick
Innes_Ireland	Innes Ireland
Fritz_dOrey	Fritz d'Orey
Dan_Gurney	Dan Gurney
Colin_Davis	Colin Davis
Chris_Bristow	Chris Bristow
Henry_Taylor	Henry Taylor
Peter_Ashdown	Peter Ashdown
David_Piper	David Piper
Mike_Taylor	Mike Taylor
Mario_de_Araujo_Cabral	Mario de Araujo Cabral
Harry_Blanchard	Harry Blanchard
George_Constantine	George Constantine
Bob_Said	Bob Said
Phil_Cade	Phil Cade
Alberto_Rodriguez_Larreta	Alberto Rodriguez Larreta
Roberto_Bonomi	Roberto Bonomi
Gino_Munaron	Gino Munaron
Nasif_Estefano	Nasif Estefano
Ettore_Chimeri	Ettore Chimeri
Antonio_Creus	Antonio Creus
Richie_Ginther	Richie Ginther
John_Surtees	John Surtees
Lloyd_Ruby	Lloyd Ruby
Bud_Tingelstad	Bud Tingelstad
Jim_Hurtubise	Jim Hurtubise
Wayne_Weiler	Wayne Weiler
Jimmy_Clark	Jimmy Clark
Lance_Reventlow	Lance Reventlow
Chuck_Daigh	Chuck Daigh
Lucien_Bianchi	Lucien Bianchi
Willy_Mairesse	Willy Mairesse
Keith_Greene	Keith Greene
Piero_Drogo	Piero Drogo
Fred_Gamble	Fred Gamble
Alfonso_Thiele	Alfonso Thiele
Vic_Wilson	Vic Wilson
Arthur_Owen	Arthur Owen
Jim_Hall	Jim Hall
Pete_Lovely	Pete Lovely
Bob_Drake	Bob Drake
Michael_May	Michael May
Trevor_Taylor	Trevor Taylor
Jackie_Lewis	Jackie Lewis
Lorenzo_Bandini	Lorenzo Bandini
Giancarlo_Baghetti	Giancarlo Baghetti
Bernard_Collomb	Bernard Collomb
Juan_Manuel_Bordeu	Juan Manuel Bordeu
Tony_Maggs	Tony Maggs
Tim_Parnell	Tim Parnell
Gerry_Ashmore	Gerry Ashmore
Massimo_Natili	Massimo Natili
Renato_Pirocchi	Renato Pirocchi
Gaetano_Starrabba	Gaetano Starrabba
Ricardo_Rodriguez	Ricardo Rodriguez
Nino_Vaccarella	Nino Vaccarella
Roberto_Bussinello	Roberto Bussinello
Roberto_Lippi	Roberto Lippi
Roger_Penske	Roger Penske
Peter_Ryan	Peter Ryan
Hap_Sharp	Hap Sharp
Walt_Hansgen	Walt Hansgen
Ben_Pon	Ben Pon
Jo_Siffert	Jo Siffert
John_Campbell-Jones	John Campbell-Jones
Tony_Settember	Tony Settember
Jay_Chamberlain	Jay Chamberlain
Tony_Shelly	Tony Shelly
Heini_Walter	Heini Walter
Heinz_Schiller	Heinz Schiller
Rob_Schroeder	Rob Schroeder
Tim_Mayer	Tim Mayer
Neville_Lederle	Neville Lederle
John_Love	John Love
Bruce_Johnstone	Bruce Johnstone
Ernie_Pieterse	Ernie Pieterse
Doug_Serrurier	Doug Serrurier
Mike_Harris	Mike Harris
Chris_Amon	Chris Amon
Ludovico_Scarfiotti	Ludovico Scarfiotti
Gerhard_Mitter	Gerhard Mitter
Peter_Arundell	Peter Arundell
Mike_Hailwood	Mike Hailwood
Bob_Anderson_(2)	Bob Anderson
Ian_Raby	Ian Raby
Mike_Spence	Mike Spence
Peter_Broeker	Peter Broeker
Pedro_Rodriguez	Pedro Rodriguez
Moises_Solana	Moises Solana
Frank_Dochnal	Frank Dochnal
Trevor_Blokdyk	Trevor Blokdyk
Brausch_Niemann	Brausch Niemann
Peter_de_Klerk	Peter de Klerk
David_Prophet	David Prophet
Sam_Tingle	Sam Tingle
Paddy_Driver	Paddy Driver
Peter_Revson	Peter Revson
John_Taylor	John Taylor
Frank_Gardner	Frank Gardner
Ronnie_Bucknum	Ronnie Bucknum
Jochen_Rindt	Jochen Rindt
Jean-Claude_Rudaz	Jean-Claude Rudaz
Jackie_Stewart	Jackie Stewart
Paul_Hawkins	Paul Hawkins
Denny_Hulme	Denny Hulme
Richard_Attwood	Richard Attwood
John_Rhodes	John Rhodes
Alan_Rollinson	Alan Rollinson
Giacomo_Russo	Giacomo Russo
Giorgio_Bassi	Giorgio Bassi
Bob_Bondurant	Bob Bondurant
Guy_Ligier	Guy Ligier
Mike_Parkes	Mike Parkes
Chris_Irwin	Chris Irwin
Chris_Lawrence	Chris Lawrence
Dave_Charlton	Dave Charlton
Luki_Botha	Luki Botha
Piers_Courage	Piers Courage
Johnny_Servoz-Gavin	Johnny Servoz-Gavin
David_Hobbs	David Hobbs
Alan_Rees	Alan Rees
Silvio_Moser	Silvio Moser
Hubert_Hahne	Hubert Hahne
Mike_Fisher	Mike Fisher
Eppie_Wietzes	Eppie Wietzes
Al_Pease	Al Pease
Jacky_Ickx	Jacky Ickx
Jean-Pierre_Beltoise	Jean-Pierre Beltoise
Jonathan_Williams	Jonathan Williams
Jackie_Pretorius	Jackie Pretorius
Basil_van_Rooyen	Basil van Rooyen
Andrea_de_Adamich	Andrea de Adamich
Brian_Redman	Brian Redman
Jackie_Oliver	Jackie Oliver
Vic_Elford	Vic Elford
Jo_Schlesser	Jo Schlesser
Robin_Widdows	Robin Widdows
Kurt_Ahrens_Jr	Kurt Ahrens, Jr.
Derek_Bell	Derek Bell
Mario_Andretti	Mario Andretti
Bobby_Unser	Bobby Unser
Henri_Pescarolo	Henri Pescarolo
Bill_Brack	Bill Brack
John_Miles	John Miles
Ernesto_Brambilla	Ernesto Brambilla
John_Cordts	John Cordts
George_Eaton	George Eaton
Rolf_Stommelen	Rolf Stommelen
Ronnie_Peterson	Ronnie Peterson
Ignazio_Giunti	Ignazio Giunti
Alex_Soler-Roig	Alex Soler-Roig
Clay_Regazzoni	Clay Regazzoni
Francois_Cevert	Francois Cevert
Peter_Gethin	Peter Gethin
Emerson_Fittipaldi	Emerson Fittipaldi
Tim_Schenken	Tim Schenken
Reine_Wisell	Reine Wisell
Gus_Hutchison	Gus Hutchison
Howden_Ganley	Howden Ganley
Gijs_van_Lennep	Gijs van Lennep
Skip_Barber	Skip Barber
Nanni_Galli	Nanni Galli
David_Walker	David Walker
Francois_Mazet	Francois Mazet
Max_Jean	Max Jean
Mike_Beuttler	Mike Beuttler
Helmut_Marko	Helmut Marko
Niki_Lauda	Niki Lauda
Jean-Pierre_Jarier	Jean-Pierre Jarier
Mark_Donohue	Mark Donohue
Chris_Craft	Chris Craft
John_Cannon	John Cannon
Sam_Posey	Sam Posey
Carlos_Reutemann	Carlos Reutemann
Carlos_Pace	Carlos Pace
William_Ferguson	William Ferguson
Wilson_Fittipaldi	Wilson Fittipaldi
Vern_Schuppan	Vern Schuppan
Patrick_Depailler	Patrick Depailler
Arturo_Merzario	Arturo Merzario
Francois_Migault	Francois Migault
Jody_Scheckter	Jody Scheckter
Luiz_Bueno	Luiz Bueno
George_Follmer	George Follmer
Eddie_Keizan	Eddie Keizan
James_Hunt	James Hunt
David_Purley	David Purley
Tom_Belso	Tom Belso
Rikky_von_Opel	Rikky von Opel
John_Watson	John Watson
Jochen_Mass	Jochen Mass
Roger_Williamson	Roger Williamson
Graham_McRae	Graham McRae
Guy_Edwards	Guy Edwards
Richard_Robarts	Richard Robarts
Hans-Joachim_Stuck	Hans-Joachim Stuck
Vittorio_Brambilla	Vittorio Brambilla
Ian_Scheckter	Ian Scheckter
Teddy_Pilette	Teddy Pilette
Tom_Pryce	Tom Pryce
Gerard_Larrousse	Gerard Larrousse
Leo_Kinnunen	Leo Kinnunen
Bertil_Roos	Bertil Roos
Ian_Ashley	Ian Ashley
Jacques_Laffite	Jacques Laffite
Dieter_Quester	Dieter Quester
Helmuth_Koinigg	Helmuth Koinigg
Mike_Wilds	Mike Wilds
Jose_Dolhem	Jose Dolhem
Guy_Tunmer	Guy Tunmer
Bob_Evans	Bob Evans
Lella_Lombardi	Lella Lombardi
Tony_Brise	Tony Brise
Roelof_Wunderink	Roelof Wunderink
Alan_Jones	Alan Jones
Torsten_Palm	Torsten Palm
Damien_Magee	Damien Magee
Hiroshi_Fushida	Hiroshi Fushida
Jean-Pierre_Jabouille	Jean-Pierre Jabouille
Brian_Henton	Brian Henton
John_Nicholson	John Nicholson
Dave_Morgan	Dave Morgan
Jim_Crawford	Jim Crawford
Harald_Ertl	Harald Ertl
Brett_Lunger	Brett Lunger
Jo_Vonlanthen	Jo Vonlanthen
Renzo_Zorzi	Renzo Zorzi
Michel_Leclere	Michel Leclere
Ingo_Hoffmann	Ingo Hoffmann
Gunnar_Nilsson	Gunnar Nilsson
Larry_Perkins	Larry Perkins
Loris_Kessel	Loris Kessel
Patrick_Neve	Patrick Neve
Alessandro_Pesenti-Rossi	Alessandro Pesenti-Rossi
Hans_Binder	Hans Binder
Boy_Hayje	Boy Hayje
Conny_Andersson	Conny Andersson
Otto_Stuppacher	Otto Stuppacher
Alex_Ribeiro	Alex Ribeiro
Warwick_Brown	Warwick Brown
Noritake_Takahara	Noritake Takahara
Masahiro_Hasemi	Masahiro Hasemi
Kazuyoshi_Hoshino	Kazuyoshi Hoshino
Emilio_de_Villota	Emilio de Villota
Rupert_Keegan	Rupert Keegan
Riccardo_Patrese	Riccardo Patrese
Gilles_Villeneuve	Gilles Villeneuve
Patrick_Tambay	Patrick Tambay
Hector_Rebaque	Hector Rebaque
Hans_Heyer	Hans Heyer
Bruno_Giacomelli	Bruno Giacomelli
Danny_Ongais	Danny Ongais
Kunimitsu_Takahashi	Kunimitsu Takahashi
Didier_Pironi	Didier Pironi
Lamberto_Leoni	Lamberto Leoni
Keke_Rosberg	Keke Rosberg
Eddie_Cheever_Jr	Eddie Cheever, Jr.
Rene_Arnoux	Rene Arnoux
Derek_Daly	Derek Daly
Nelson_Piquet	Nelson Piquet
Bobby_Rahal	Bobby Rahal
Michael_Bleekemolen	Michael Bleekemolen
Elio_de_Angelis	Elio de Angelis
Jan_Lammers	Jan Lammers
Patrick_Gaillard	Patrick Gaillard
Geoff_Lees	Geoff Lees
Ricardo_Zunino	Ricardo Zunino
Marc_Surer	Marc Surer
Alain_Prost	Alain Prost
Tiff_Needell	Tiff Needell
Nigel_Mansell	Nigel Mansell
Andrea_de_Cesaris	Andrea de Cesaris
Michael_Thackwell	Michael Thackwell
Chico_Serra	Chico Serra
Beppe_Gabbiani	Beppe Gabbiani
Siegfried_Stohr	Siegfried Stohr
Slim_Borgudd	Slim Borgudd
Eliseo_Salazar	Eliseo Salazar
Michele_Alboreto	Michele Alboreto
Miguel_Angel_Guerra	Miguel Angel Guerra
Piercarlo_Ghinzani	Piercarlo Ghinzani
Derek_Warwick	Derek Warwick
Manfred_Winkelhock	Manfred Winkelhock
Raul_Boesel	Raul Boesel
Mauro_Baldi	Mauro Baldi
Roberto_Guerrero	Roberto Guerrero
Teo_Fabi	Teo Fabi
Riccardo_Paletti	Riccardo Paletti
Tommy_Byrne	Tommy Byrne
Danny_Sullivan	Danny Sullivan
Johnny_Cecotto	Johnny Cecotto
Corrado_Fabi	Corrado Fabi
Thierry_Boutsen	Thierry Boutsen
Stefan_Johansson	Stefan Johansson
Jonathan_Palmer	Jonathan Palmer
Kenny_Acheson	Kenny Acheson
Martin_Brundle	Martin Brundle
Francois_Hesnault	Francois Hesnault
Philippe_Alliot	Philippe Alliot
Stefan_Bellof	Stefan Bellof
Ayrton_Senna	Ayrton Senna
Jo_Gartner	Jo Gartner
Huub_Rothengatter	Huub Rothengatter
Gerhard_Berger	Gerhard Berger
Philippe_Streiff	Philippe Streiff
Pierluigi_Martini	Pierluigi Martini
Christian_Danner	Christian Danner
Ivan_Capelli	Ivan Capelli
Johnny_Dumfries	Johnny Dumfries
Alessandro_Nannini	Alessandro Nannini
Allen_Berg	Allen Berg
Alex_Caffi	Alex Caffi
Satoru_Nakajima	Satoru Nakajima
Pascal_Fabre	Pascal Fabre
Adrian_Campos	Adrian Campos
Gabriele_Tarquini	Gabriele Tarquini
Franco_Forini	Franco Forini
Nicola_Larini	Nicola Larini
Yannick_Dalmas	Yannick Dalmas
Roberto_Moreno	Roberto Moreno
Stefano_Modena	Stefano Modena
Luis_Perez-Sala	Luis Perez-Sala
Mauricio_Gugelmin	Mauricio Gugelmin
Oscar_Larrauri	Oscar Larrauri
Julian_Bailey	Julian Bailey
Bernd_Schneider	Bernd Schneider
Jean-Louis_Schlesser	Jean-Louis Schlesser
Aguri_Suzuki	Aguri Suzuki
Johnny_Herbert	Johnny Herbert
Olivier_Grouillard	Olivier Grouillard
Pierre-Henri_Raphanel	Pierre-Henri Raphanel
Jean_Alesi	Jean Alesi
Emanuele_Pirro	Emanuele Pirro
Eric_Bernard	Eric Bernard
Martin_Donnelly	Martin Donnelly
Bertrand_Gachot	Bertrand Gachot
J_J_Lehto	J.J. Lehto
Paolo_Barilla	Paolo Barilla
Gregor_Foitek	Gregor Foitek
Gianni_Morbidelli	Gianni Morbidelli
David_Brabham	David Brabham
Mika_Hakkinen	Mika Hakkinen
Mark_Blundell	Mark Blundell
Erik_Comas	Erik Comas
Eric_van_de_Poele	Eric van de Poele
Michael_Schumacher	Michael Schumacher
Alex_Zanardi	Alex Zanardi
Karl_Wendlinger	Karl Wendlinger
Ukyo_Katayama	Ukyo Katayama
Christian_Fittipaldi	Christian Fittipaldi
Andrea_Chiesa	Andrea Chiesa
Paul_Belmondo	Paul Belmondo
Damon_Hill	Damon Hill
Emanuele_Naspetti	Emanuele Naspetti
Rubens_Barrichello	Rubens Barrichello
Fabrizio_Barbazza	Fabrizio Barbazza
Luca_Badoer	Luca Badoer
Michael_Andretti	Michael Andretti
Pedro_Lamy	Pedro Lamy
Marco_Apicella	Marco Apicella
Eddie_Irvine	Eddie Irvine
Toshio_Suzuki	Toshio Suzuki
Jean-Marc_Gounon	Jean-Marc Gounon
Olivier_Panis	Olivier Panis
Jos_Verstappen	Jos Verstappen
Heinz-Harald_Frentzen	Heinz-Harald Frentzen
Olivier_Beretta	Olivier Beretta
Roland_Ratzenberger	Roland Ratzenberger
David_Coulthard	David Coulthard
Philippe_Adams	Philippe Adams
Mimmo_Schiattarella	Mimmo Schiattarella
Hideki_Noda	Hideki Noda
Mika_Salo	Mika Salo
Franck_Lagorce	Franck Lagorce
Taki_Inoue	Taki Inoue
Jean-Denis_Deletraz	Jean-Denis Deletraz
Andrea_Montermini	Andrea Montermini
Pedro_Diniz	Pedro Diniz
Jean-Christophe_Boullion	Jean-Christophe Boullion
Max_Papis	Max Papis
Giovanni_Lavaggi	Giovanni Lavaggi
Jan_Magnussen	Jan Magnussen
Jacques_Villeneuve_(1)	Jacques Villeneuve
Ricardo_Rosset	Ricardo Rosset
Giancarlo_Fisichella	Giancarlo Fisichella
Tarso_Marques	Tarso Marques
Shinji_Nakano	Shinji Nakano
Jarno_Trulli	Jarno Trulli
Ralf_Schumacher	Ralf Schumacher
Alexander_Wurz	Alexander Wurz
Norberto_Fontana	Norberto Fontana
Esteban_Tuero	Esteban Tuero
Tora_Takagi	Tora Takagi
Pedro_de_la_Rosa	Pedro de la Rosa
Ricardo_Zonta	Ricardo Zonta
Marc_Gene	Marc Gene
Stephane_Sarrazin	Stephane Sarrazin
Nick_Heidfeld	Nick Heidfeld
Jenson_Button	Jenson Button
Gaston_Mazzacane	Gaston Mazzacane
Luciano_Burti	Luciano Burti
Kimi_Raikkonen	Kimi Raikkonen
Fernando_Alonso	Fernando Alonso
Juan_Pablo_Montoya	Juan Pablo Montoya
Enrique_Bernoldi	Enrique Bernoldi
Tomas_Enge	Tomas Enge
Alex_Yoong	Alex Yoong
Mark_Webber	Mark Webber
Takuma_Sato	Takuma Sato
Felipe_Massa	Felipe Massa
Allan_McNish	Allan McNish
Anthony_Davidson	Anthony Davidson
Antonio_Pizzonia	Antonio Pizzonia
Justin_Wilson	Justin Wilson
Cristiano_da_Matta	Cristiano da Matta
Ralph_Firman	Ralph Firman
Nicolas_Kiesa	Nicolas Kiesa
Zsolt_Baumgartner	Zsolt Baumgartner
Christian_Klien	Christian Klien
Giorgio_Pantano	Giorgio Pantano
Gianmaria_Bruni	Gianmaria Bruni
Timo_Glock	Timo Glock
Narain_Karthikeyan	Narain Karthikeyan
Tiago_Monteiro	Tiago Monteiro
Patrick_Friesacher	Patrick Friesacher
Christijan_Albers	Christijan Albers
Vitantonio_Liuzzi	Vitantonio Liuzzi
Robert_Doornbos	Robert Doornbos
Nico_Rosberg	Nico Rosberg
Scott_Speed	Scott Speed
Yuji_Ide	Yuji Ide
Franck_Montagny	Franck Montagny
Sakon_Yamamoto	Sakon Yamamoto
Robert_Kubica	Robert Kubica
Lewis_Hamilton	Lewis Hamilton
Heikki_Kovalainen	Heikki Kovalainen
Adrian_Sutil	Adrian Sutil
Sebastian_Vettel	Sebastian Vettel
Markus_Winkelhock	Markus Winkelhock
Kazuki_Nakajima	Kazuki Nakajima
Sebastien_Bourdais	Sebastien Bourdais
Nelson_Piquet_Jr	Nelson Piquet, Jr.
Sebastien_Buemi	Sebastien Buemi
Jaime_Alguersuari	Jaime Alguersuari
Romain_Grosjean	Romain Grosjean
Kamui_Kobayashi	Kamui Kobayashi
Nico_Hulkenberg	Nico Hulkenberg
Bruno_Senna	Bruno Senna
Vitaly_Petrov	Vitaly Petrov
Lucas_di_Grassi	Lucas di Grassi
Karun_Chandhok	Karun Chandhok
Sergio_Perez	Sergio Perez
Paul_DiResta	Paul Di Resta
Jerome_DAmbrosio	Jerome D'Ambrosio
Pastor_Maldonado	Pastor Maldonado
Daniel_Ricciardo	Daniel Ricciardo
Jean-Eric_Vergne	Jean-Eric Vergne
Charles_Pic	Charles Pic
Esteban_Gutierrez	Esteban Gutierrez
Valtteri_Bottas	Valtteri Bottas
Jules_Bianchi	Jules Bianchi
Max_Chilton	Max Chilton
Giedo_van_der_Garde	Giedo van der Garde
Kevin_Magnussen	Kevin Magnussen
Daniil_Kvyat	Daniil Kvyat
Marcus_Ericsson	Marcus Ericsson
Andre_Lotterer	Andre Lotterer
Will_Stevens	Will Stevens
Felipe_Nasr	Felipe Nasr
Carlos_Sainz_Jr	Carlos Sainz, Jr.
Max_Verstappen	Max Verstappen
Roberto_Merhi	Roberto Merhi
Alexander_Rossi	Alexander Rossi
Jolyon_Palmer	Jolyon Palmer
Pascal_Wehrlein	Pascal Wehrlein
Rio_Haryanto	Rio Haryanto
Stoffel_Vandoorne	Stoffel Vandoorne
Esteban_Ocon	Esteban Ocon
Antonio_Giovinazzi	Antonio Giovinazzi
Lance_Stroll	Lance Stroll
Pierre_Gasly	Pierre Gasly
Brendon_Hartley	Brendon Hartley
Charles_Leclerc	Charles Leclerc
Sergey_Sirotkin	Sergey Sirotkin
Lando_Norris	Lando Norris
Alexander_Albon	Alexander Albon
George_Russell	George Russell
Nicholas_Latifi	Nicholas Latifi
Jack_Aitken	Jack Aitken
Pietro_Fittipaldi	Pietro Fittipaldi
Mick_Schumacher	Mick Schumacher
Nikita_Mazepin	Nikita Mazepin
Yuki_Tsunoda	Yuki Tsunoda
